Parking,"Street, Validated"
Parking,"Valet, Street"
Parking,"Garage, Street, Validated"
Parking,Valet
Parking,"Valet, Garage, Street"
Parking,"Garage, Validated"
Parking,"Valet, Garage, Validated"
Parking,Private Lot
Parking,"Garage, Street"
Parking,"Garage, Street, Private Lot, Validated"
Parking,Street
Parking,"Street, Private Lot"
Parking,Garage
Best Nights,"Fri, Sat"
Best Nights,"Mon, Tue, Thu"
Best Nights,"Thu, Fri, Sat"
Best Nights,"Wed, Fri, Sat"
Best Nights,"Thu, Sat, Sun"
By Appointment Only
Bike Parking
Accepts Credit Cards
Noise Level,Average
Noise Level,Loud
Noise Level,Quiet
Caters
Delivery
Take-out
Has Pool Table
Has TV
Accepts Apple Pay
Coat Check
Good for Kids
Wheelchair Accessible
Wi-Fi
Alcohol
Good for Working
Happy Hour
Accepts Bitcoin
Waiter Service
Takes Reservations
Attire,Casual
Ambience,Divey
Ambience,Intimate
Ambience,Casual
Ambience,Hipster
Ambience,Trendy
Ambience,Classy
Ambience,Touristy
Dogs Allowed
Music,Background
Music,DJ
Music,Juke Box
Smoking
Good for Groups
Outdoor Seating
Drive-Thru
Good For,"Brunch, Dinner"
Good For,"Lunch, Dinner"
Good For,"Dinner, Late Night"
Good For,"Brunch, Lunch, Dinner"
Good For,Dessert
Good For,"Breakfast, Lunch"
Good For,Brunch
Good For,Dinner
Good For,Late Night
Good For,"Breakfast, Brunch"
Good For,Lunch
Good For,Breakfast
Good For Dancing
