Wheelchair Accessible,No
Parking,"Street, Validated"
Hair Types Specialized In,"African-American Hair, Curly Hair, Perms, Extensions, Straight Perms, Coloring"
Hair Types Specialized In,Kids' Hair
Hair Types Specialized In,"African-American Hair, Coloring, Kids' Hair"
Hair Types Specialized In,"African-American Hair, Curly Hair, Extensions, Coloring, Kids' Hair"
Hair Types Specialized In,"Asian Hair, Curly Hair, Perms, Straight Perms, Coloring"
Hair Types Specialized In,"Asian Hair, Curly Hair, Perms, Coloring, Kids' Hair"
Hair Types Specialized In,"African-American Hair, Curly Hair, Perms, Coloring"
Hair Types Specialized In,"Asian Hair, Curly Hair, Perms, Coloring"
Parking,"Valet, Street"
Accepts Insurance,Yes
Hair Types Specialized In,"Asian Hair, Curly Hair, Perms, Extensions, Straight Perms, Coloring"
Wheelchair Accessible,Yes
Hair Types Specialized In,Extensions
Hair Types Specialized In,"African-American Hair, Asian Hair, Curly Hair, Perms, Extensions, Straight Perms, Coloring"
Bike Parking,No
Accepts Credit Cards,Yes
Hair Types Specialized In,"African-American Hair, Asian Hair, Curly Hair, Perms, Extensions, Coloring, Kids' Hair"
Good for Kids,No
Parking,"Garage, Street, Validated"
Accepts Bitcoin,Yes
Hair Types Specialized In,"Asian Hair, Curly Hair, Coloring, Kids' Hair"
Hair Types Specialized In,Coloring
Accepts Insurance,No
Hair Types Specialized In,"African-American Hair, Asian Hair, Curly Hair"
Hair Types Specialized In,"African-American Hair, Perms, Extensions, Straight Perms, Kids' Hair"
Hair Types Specialized In,"African-American Hair, Curly Hair, Extensions, Straight Perms, Coloring, Kids' Hair"
Hair Types Specialized In,"Extensions, Coloring"
Bike Parking,Yes
Hair Types Specialized In,"Curly Hair, Extensions, Coloring"
Hair Types Specialized In,Curly Hair
By Appointment Only,No
Hair Types Specialized In,"Curly Hair, Extensions"
Hair Types Specialized In,"African-American Hair, Asian Hair, Curly Hair, Extensions, Coloring, Kids' Hair"
Hair Types Specialized In,"Curly Hair, Coloring, Kids' Hair"
Hair Types Specialized In,"Asian Hair, Curly Hair, Extensions, Coloring, Kids' Hair"
Hair Types Specialized In,"Asian Hair, Curly Hair, Extensions, Straight Perms, Coloring"
Hair Types Specialized In,"Asian Hair, Curly Hair, Extensions, Coloring"
Parking,"Garage, Private Lot"
Parking,"Valet, Garage, Street"
Hair Types Specialized In,"Asian Hair, Curly Hair, Kids' Hair"
Accepts Apple Pay,Yes
Hair Types Specialized In,"Asian Hair, Curly Hair, Perms, Extensions, Straight Perms, Coloring, Kids' Hair"
Hair Types Specialized In,"African-American Hair, Asian Hair, Curly Hair, Perms, Coloring, Kids' Hair"
Hair Types Specialized In,"African-American Hair, Curly Hair, Perms, Extensions, Straight Perms, Coloring, Kids' Hair"
Good for Kids,Yes
Parking,"Garage, Validated"
Hair Types Specialized In,"Perms, Coloring"
Hair Types Specialized In,"African-American Hair, Asian Hair, Curly Hair, Extensions, Coloring"
Accepts Credit Cards,No
Hair Types Specialized In,"Asian Hair, Curly Hair, Coloring"
Hair Types Specialized In,"African-American Hair, Asian Hair, Curly Hair, Extensions, Straight Perms, Coloring, Kids' Hair"
Hair Types Specialized In,"Curly Hair, Coloring"
Parking,Private Lot
Accepts Apple Pay,No
Hair Types Specialized In,"Curly Hair, Perms, Coloring"
Parking,"Valet, Garage, Street, Validated"
Hair Types Specialized In,"Curly Hair, Perms, Extensions, Straight Perms, Coloring, Kids' Hair"
Hair Types Specialized In,"African-American Hair, Extensions"
Accepts Bitcoin,No
Parking,"Valet, Garage, Street, Private Lot"
Hair Types Specialized In,"African-American Hair, Curly Hair, Extensions, Straight Perms, Coloring"
Parking,"Valet, Street, Private Lot"
Hair Types Specialized In,"Asian Hair, Curly Hair, Straight Perms, Coloring"
Parking,"Garage, Street"
Parking,"Garage, Street, Private Lot, Validated"
By Appointment Only,Yes
Hair Types Specialized In,"African-American Hair, Asian Hair, Curly Hair, Extensions"
Hair Types Specialized In,"African-American Hair, Asian Hair, Curly Hair, Coloring"
Parking,Street
Hair Types Specialized In,"African-American Hair, Asian Hair, Curly Hair, Extensions, Kids' Hair"
Hair Types Specialized In,"African-American Hair, Extensions, Kids' Hair"
Hair Types Specialized In,"African-American Hair, Asian Hair, Curly Hair, Perms, Extensions, Straight Perms, Coloring, Kids' Hair"
Hair Types Specialized In,African-American Hair
Hair Types Specialized In,"Curly Hair, Perms, Coloring, Kids' Hair"
Parking,"Garage, Street, Private Lot"
Hair Types Specialized In,"Perms, Extensions, Coloring, Kids' Hair"
Hair Types Specialized In,"African-American Hair, Asian Hair, Coloring"
Parking,"Valet, Street, Validated"
Parking,Validated
Parking,"Street, Private Lot"
Parking,Garage
Hair Types Specialized In,"Asian Hair, Curly Hair, Perms, Straight Perms, Coloring, Kids' Hair"
Hair Types Specialized In,"African-American Hair, Asian Hair, Curly Hair, Straight Perms, Coloring, Kids' Hair"
Hair Types Specialized In,"African-American Hair, Curly Hair, Perms, Extensions"
Parking,"Street, Private Lot, Validated"
Parking,"Valet, Street, Private Lot, Validated"
Dogs Allowed,Yes
Hair Types Specialized In,"Asian Hair, Coloring"
Hair Types Specialized In,"Curly Hair, Perms, Extensions, Coloring, Kids' Hair"
Hair Types Specialized In,"African-American Hair, Asian Hair, Curly Hair, Extensions, Straight Perms, Coloring"
Dogs Allowed,No
Parking,"Valet, Validated"
