Take-out,Yes
By Appointment Only,Yes
Accepts Apple Pay,Yes
Wheelchair Accessible,No
Delivery,No
Parking,Street
Good for Working,Yes
Wi-Fi,Free
Accepts Credit Cards,No
Parking,Validated
Bike Parking,Yes
Parking,"Street, Private Lot"
Parking,Garage
Parking,"Valet, Street"
Outdoor Seating,No
Parking,Private Lot
By Appointment Only,No
Accepts Apple Pay,No
Wheelchair Accessible,Yes
Bike Parking,No
Accepts Credit Cards,Yes
Dogs Allowed,Yes
Accepts Bitcoin,No
Good for Kids,No
Wi-Fi,No
Dogs Allowed,No
Parking,"Garage, Street"
